{
  "project_info": {
    "project_number": "259492887084",
    "project_id": "mobile-term-project-5d444",
    "storage_bucket": "mobile-term-project-5d444.appspot.com"
  },
  "client": [
    {
      "client_info": {
        "mobilesdk_app_id": "1:259492887084:android:6410c4b2f63d3fae652f89",
        "android_client_info": {
          "package_name": "com.example.jsoupdroidscraping"
        }
      },
      "oauth_client": [
        {
          "client_id": "259492887084-3gt2p524ou0gcgfmer362916r2su96i3.apps.googleusercontent.com",
          "client_type": 3
        }
      ],
      "api_key": [
        {
          "current_key": "AIzaSyDOXCjpRoo_Pa3BFO-t2YFnZRdu4MzfDcg"
        }
      ],
      "services": {
        "appinvite_service": {
          "other_platform_oauth_client": [
            {
              "client_id": "259492887084-3gt2p524ou0gcgfmer362916r2su96i3.apps.googleusercontent.com",
              "client_type": 3
            }
          ]
        }
      }
    }
  ],
  "configuration_version": "1"
}